ID,label,rank
katyperry,katyperry,1
justinbieber,justinbieber,2
taylorswift13,taylorswift13,3
barackobama,barackobama,4
rihanna,rihanna,5
youtube,youtube,6
ladygaga,ladygaga,7
theellenshow,theellenshow,8
twitter,twitter,9
jtimberlake,jtimberlake,10
britneyspears,britneyspears,11
kimkardashian,kimkardashian,12
cristiano,cristiano,13
selenagomez,selenagomez,14
cnnbrk,cnnbrk,15
jimmyfallon,jimmyfallon,16
arianagrande,arianagrande,17
shakira,shakira,18
ddlovato,ddlovato,19
instagram,instagram,20
jlo,jlo,21
oprah,oprah,22
drake,drake,23
kingjames,kingjames,24
billgates,billgates,25
nytimes,nytimes,26
kevinhart4real,kevinhart4real,27
onedirection,onedirection,28
mileycyrus,mileycyrus,29
sportscenter,sportscenter,30
cnn,cnn,31
espn,espn,32
harry_styles,harry_styles,33
pink,pink,34
liltunechi,liltunechi,35
wizkhalifa,wizkhalifa,36
niallofficial,niallofficial,37
bbcbreaking,bbcbreaking,38
adele,adele,39
brunomars,brunomars,40
kanyewest,kanyewest,41
neymarjr,neymarjr,42
kaka,kaka,43
actuallynph,actuallynph,44
narendramodi,narendramodi,45
danieltosh,danieltosh,46
aliciakeys,aliciakeys,47
srbachchan,srbachchan,48
nba,nba,49
liampayne,liampayne,50
louis_tomlinson,louis_tomlinson,51
emmawatson,emmawatson,52
pitbull,pitbull,53
khloekardashian,khloekardashian,54
iamsrk,iamsrk,55
conanobrien,conanobrien,56
kourtneykardash,kourtneykardash,57
realmadrid,realmadrid,58
davidguetta,davidguetta,59
beingsalmankhan,beingsalmankhan,60
nfl,nfl,61
eminem,eminem,62
nasa,nasa,63
nickiminaj,nickiminaj,64
kendalljenner,kendalljenner,65
zaynmalik,zaynmalik,66
avrillavigne,avrillavigne,67
aamir_khan,aamir_khan,68
fcbarcelona,fcbarcelona,69
kyliejenner,kyliejenner,70
chrisbrown,chrisbrown,71
blakeshelton,blakeshelton,72
coldplay,coldplay,73
realdonaldtrump,realdonaldtrump,74
theeconomist,theeconomist,75
aplusk,aplusk,76
bbcworld,bbcworld,77
mariahcarey,mariahcarey,78
vine,vine,79
deepikapadukone,deepikapadukone,80
leodicaprio,leodicaprio,81
google,google,82
edsheeran,edsheeran,83
mohamadalarefe,mohamadalarefe,84
ricky_martin,ricky_martin,85
shugairi,shugairi,86
xtina,xtina,87
agnezmo,agnezmo,88
reuters,reuters,89
priyankachopra,priyankachopra,90
twitterespanol,twitterespanol,91
ihrithik,ihrithik,92
akshaykumar,akshaykumar,93
jimcarrey,jimcarrey,94
kdtrey5,kdtrey5,95
ryanseacrest,ryanseacrest,96
ivetesangalo,ivetesangalo,97
pmoindia,pmoindia,98
alejandrosanz,alejandrosanz,99
snoopdogg,snoopdogg,100